{"cameraMode":{"drawMode":0,"name":"Shaded","section":"Shading Mode"},"sceneLighting":true,"audioPlay":false,"sceneViewState":{"showFog":false,"showMaterialUpdate":false,"showSkybox":false,"showFlares":false,"showImageEffects":false,"showParticleSystems":false},"in2DMode":false,"pivot":{"x":-0.27777791023254397,"y":0.4375,"z":89.93528747558594},"rotation":{"x":-0.061387501657009128,"y":0.4223388433456421,"z":-0.028682604432106019,"w":-0.9039024710655212},"size":8.65710163116455,"orthographic":false}